{"val_loss":1.3106122016906738,"_step":0,"_timestamp":1.7348568986923695e+09,"val_accuracy":0.9337999820709229,"best_epoch":0,"_wandb":{"runtime":4},"loss":2.643085241317749,"best_val_loss":1.3106122016906738,"_runtime":3.9863651,"epoch":0,"accuracy":0.8740833401679993}