{"best_epoch":3,"_step":4,"accuracy":0.5020824670791626,"_timestamp":1.7348571029353702e+09,"epoch":4,"val_loss":0.04581911489367485,"_runtime":4.4100272,"best_val_loss":0.017962301149964333,"_wandb":{"runtime":4},"loss":0.037799593061208725,"val_accuracy":0.49949032068252563}