{"best_val_loss":0.0915302187204361,"_runtime":7.0895121,"loss":0.1584452986717224,"val_loss":0.09720512479543686,"epoch":9,"_timestamp":1.7348792855705166e+09,"accuracy":0.5005524754524231,"val_accuracy":0.4984709620475769,"_step":9,"best_epoch":8,"_wandb":{"runtime":7}}