{"best_epoch":4,"best_val_loss":0.017830854281783104,"val_accuracy":0.49949032068252563,"_runtime":3.9281097000000003,"_wandb":{"runtime":4},"accuracy":0.502252459526062,"val_loss":0.017830854281783104,"_step":4,"_timestamp":1.7348788947624378e+09,"epoch":4,"loss":0.041435059159994125}