{"best_val_loss":0.025135470554232597,"accuracy":0.5016574859619141,"_step":4,"val_accuracy":0.4984709620475769,"best_epoch":2,"loss":0.0478205531835556,"epoch":4,"_wandb":{"runtime":5},"val_loss":0.027105649933218956,"_timestamp":1.7348787069319146e+09,"_runtime":5.3437006}