{"val_loss":0.014551127329468727,"_step":14,"_runtime":10.9512231,"best_val_loss":0.014551127329468727,"_timestamp":1.7348790322174203e+09,"best_epoch":14,"val_accuracy":0.49949032068252563,"_wandb":{"runtime":11},"loss":0.0027195229195058346,"accuracy":0.5034424066543579,"epoch":14}